{"cameraMode":{"drawMode":0,"name":"Shaded","section":"Shading Mode"},"sceneLighting":false,"audioPlay":false,"sceneViewState":{"m_AlwaysRefresh":false,"showFog":true,"showSkybox":false,"showFlares":true,"showImageEffects":true,"showParticleSystems":true,"showVisualEffectGraphs":true,"m_FxEnabled":true},"in2DMode":false,"pivot":{"x":-15.762804985046387,"y":-0.562921404838562,"z":0.8499014973640442},"rotation":{"x":0.6637871861457825,"y":0.012789499945938588,"z":-0.011352801695466042,"w":0.7477283477783203},"size":16.064876556396486,"orthographic":false}