{"cameraMode":{"drawMode":0,"name":"Shaded","section":"Shading Mode"},"sceneLighting":false,"audioPlay":false,"sceneViewState":{"m_AlwaysRefresh":false,"showFog":true,"showSkybox":false,"showFlares":true,"showImageEffects":true,"showParticleSystems":true,"showVisualEffectGraphs":true,"m_FxEnabled":true},"in2DMode":false,"pivot":{"x":-20.133617401123048,"y":-3.118499279022217,"z":-0.6190540194511414},"rotation":{"x":0.36903345584869387,"y":0.011712076142430306,"z":-0.004650698974728584,"w":0.9293335676193237},"size":21.862077713012697,"orthographic":false}