{"cameraMode":{"drawMode":0,"name":"Shaded","section":"Shading Mode"},"sceneLighting":false,"audioPlay":false,"sceneViewState":{"m_AlwaysRefresh":false,"showFog":true,"showSkybox":false,"showFlares":true,"showImageEffects":true,"showParticleSystems":true,"showVisualEffectGraphs":true,"m_FxEnabled":true},"in2DMode":false,"pivot":{"x":-1.868699073791504,"y":-12.859979629516602,"z":18.573192596435548},"rotation":{"x":0.2607261538505554,"y":0.03966670110821724,"z":-0.010721847414970398,"w":0.9645487666130066},"size":18.773496627807618,"orthographic":false}