{"cameraMode":{"drawMode":0,"name":"Shaded","section":"Shading Mode"},"sceneLighting":false,"audioPlay":false,"sceneViewState":{"m_AlwaysRefresh":false,"showFog":true,"showSkybox":false,"showFlares":true,"showImageEffects":true,"showParticleSystems":true,"showVisualEffectGraphs":true,"m_FxEnabled":true},"in2DMode":false,"pivot":{"x":0.05269896984100342,"y":5.524462699890137,"z":3.759660243988037},"rotation":{"x":-0.07458372414112091,"y":0.03561922907829285,"z":-0.002666153246536851,"w":-0.9965968132019043},"size":13.579075813293457,"orthographic":false}