{"cameraMode":{"drawMode":0,"name":"Shaded","section":"Shading Mode"},"sceneLighting":false,"audioPlay":false,"sceneViewState":{"m_AlwaysRefresh":false,"showFog":true,"showSkybox":false,"showFlares":true,"showImageEffects":true,"showParticleSystems":true,"showVisualEffectGraphs":true,"m_FxEnabled":true},"in2DMode":false,"pivot":{"x":0.0622384250164032,"y":0.5947526097297669,"z":0.08382494747638703},"rotation":{"x":0.20010189712047578,"y":-0.5836242437362671,"z":0.1511925905942917,"w":0.7723517417907715},"size":5.195470809936523,"orthographic":false}