{"cameraMode":{"drawMode":0,"name":"Shaded","section":"Shading Mode"},"sceneLighting":false,"audioPlay":false,"sceneViewState":{"m_AlwaysRefresh":false,"showFog":true,"showSkybox":false,"showFlares":true,"showImageEffects":true,"showParticleSystems":true,"showVisualEffectGraphs":true,"m_FxEnabled":true},"in2DMode":false,"pivot":{"x":-0.8343814611434937,"y":6.160572528839111,"z":-3.8867785930633547},"rotation":{"x":-0.21657301485538484,"y":-0.07723107933998108,"z":0.01718938909471035,"w":-0.9730566143989563},"size":11.146235466003418,"orthographic":false}