{"cameraMode":{"drawMode":0,"name":"Shaded","section":"Shading Mode"},"sceneLighting":false,"audioPlay":false,"sceneViewState":{"m_AlwaysRefresh":false,"showFog":true,"showSkybox":false,"showFlares":true,"showImageEffects":true,"showParticleSystems":true,"showVisualEffectGraphs":true,"m_FxEnabled":true},"in2DMode":false,"pivot":{"x":-1.8252938985824586,"y":6.802007675170898,"z":-10.63847541809082},"rotation":{"x":0.4380621910095215,"y":-0.050416942685842517,"z":0.024616170674562455,"w":0.8972185850143433},"size":7.602150917053223,"orthographic":false}