{"cameraMode":{"drawMode":0,"name":"Shaded","section":"Shading Mode"},"sceneLighting":false,"audioPlay":false,"sceneViewState":{"m_AlwaysRefresh":false,"showFog":true,"showSkybox":false,"showFlares":true,"showImageEffects":true,"showParticleSystems":true,"showVisualEffectGraphs":true,"m_FxEnabled":true},"in2DMode":false,"pivot":{"x":-0.11016783118247986,"y":0.8526437282562256,"z":0.9632669687271118},"rotation":{"x":-0.37133151292800906,"y":0.0489879809319973,"z":-0.019623033702373506,"w":-0.9270009398460388},"size":2.8348467350006105,"orthographic":false}