{"cameraMode":{"drawMode":0,"name":"Shaded","section":"Shading Mode"},"sceneLighting":false,"audioPlay":false,"sceneViewState":{"m_AlwaysRefresh":false,"showFog":true,"showSkybox":false,"showFlares":true,"showImageEffects":true,"showParticleSystems":true,"showVisualEffectGraphs":true,"m_FxEnabled":true},"in2DMode":false,"pivot":{"x":-0.18360155820846559,"y":0.597714364528656,"z":-0.6699097752571106},"rotation":{"x":0.04530412331223488,"y":-0.9542011022567749,"z":0.2244262397289276,"w":0.19262665510177613},"size":3.496771812438965,"orthographic":false}