{"cameraMode":{"drawMode":0,"name":"Shaded","section":"Shading Mode"},"sceneLighting":false,"audioPlay":false,"sceneViewState":{"m_AlwaysRefresh":false,"showFog":true,"showSkybox":false,"showFlares":true,"showImageEffects":true,"showParticleSystems":true,"showVisualEffectGraphs":true,"m_FxEnabled":true},"in2DMode":false,"pivot":{"x":1.5420503616333008,"y":0.0820159912109375,"z":0.6833570003509522},"rotation":{"x":0.1827707141637802,"y":0.7525997161865234,"z":-0.23404312133789063,"w":0.5877218842506409},"size":12.926095008850098,"orthographic":false}