{"cameraMode":{"drawMode":0,"name":"Shaded","section":"Shading Mode"},"sceneLighting":false,"audioPlay":false,"sceneViewState":{"m_AlwaysRefresh":false,"showFog":true,"showSkybox":false,"showFlares":true,"showImageEffects":true,"showParticleSystems":true,"showVisualEffectGraphs":true,"m_FxEnabled":true},"in2DMode":false,"pivot":{"x":3.9580564498901369,"y":5.907003879547119,"z":-1.7769447565078736},"rotation":{"x":0.47016677260398867,"y":0.46533501148223879,"z":-0.32328060269355776,"w":0.6767169237136841},"size":22.584012985229493,"orthographic":false}