{"cameraMode":{"drawMode":0,"name":"Shaded","section":"Shading Mode"},"sceneLighting":false,"audioPlay":false,"sceneViewState":{"m_AlwaysRefresh":false,"showFog":true,"showSkybox":false,"showFlares":true,"showImageEffects":true,"showParticleSystems":true,"showVisualEffectGraphs":true,"m_FxEnabled":true},"in2DMode":false,"pivot":{"x":0.2620307207107544,"y":0.4526791572570801,"z":-2.5116820335388185},"rotation":{"x":0.4946419298648834,"y":-0.01433881651610136,"z":0.00816233642399311,"w":0.8689407706260681},"size":17.87765121459961,"orthographic":false}