{"cameraMode":{"drawMode":0,"name":"Shaded","section":"Shading Mode"},"sceneLighting":false,"audioPlay":false,"sceneViewState":{"m_AlwaysRefresh":false,"showFog":true,"showSkybox":false,"showFlares":true,"showImageEffects":true,"showParticleSystems":true,"showVisualEffectGraphs":true,"m_FxEnabled":true},"in2DMode":false,"pivot":{"x":-0.47766274213790896,"y":4.570132732391357,"z":0.36093568801879885},"rotation":{"x":-0.05843814089894295,"y":-0.031145146116614343,"z":0.0018242326332256199,"w":-0.9978050589561462},"size":3.163315534591675,"orthographic":false}