{"cameraMode":{"drawMode":0,"name":"Shaded","section":"Shading Mode"},"sceneLighting":false,"audioPlay":false,"sceneViewState":{"m_AlwaysRefresh":false,"showFog":true,"showSkybox":false,"showFlares":true,"showImageEffects":true,"showParticleSystems":true,"showVisualEffectGraphs":true,"m_FxEnabled":true},"in2DMode":false,"pivot":{"x":1.7864503860473633,"y":3.148275375366211,"z":1.7159948348999024},"rotation":{"x":0.18406210839748383,"y":-0.1969601809978485,"z":0.037675440311431888,"w":0.962248682975769},"size":12.041916847229004,"orthographic":false}