{"cameraMode":{"drawMode":0,"name":"Shaded","section":"Shading Mode"},"sceneLighting":false,"audioPlay":false,"sceneViewState":{"m_AlwaysRefresh":false,"showFog":true,"showSkybox":false,"showFlares":true,"showImageEffects":true,"showParticleSystems":true,"showVisualEffectGraphs":true,"m_FxEnabled":true},"in2DMode":false,"pivot":{"x":-0.6824296712875366,"y":3.977513313293457,"z":0.3365265130996704},"rotation":{"x":0.014600847847759724,"y":-0.9839105010032654,"z":0.15021322667598725,"w":0.09563888609409332},"size":17.684736251831056,"orthographic":false}