{"cameraMode":{"drawMode":0,"name":"Shaded","section":"Shading Mode"},"sceneLighting":false,"audioPlay":false,"sceneViewState":{"m_AlwaysRefresh":false,"showFog":true,"showSkybox":false,"showFlares":true,"showImageEffects":true,"showParticleSystems":true,"showVisualEffectGraphs":true,"m_FxEnabled":true},"in2DMode":false,"pivot":{"x":12.556286811828614,"y":5.252027988433838,"z":-5.764782428741455},"rotation":{"x":0.4218336045742035,"y":0.06031324714422226,"z":-0.028135647997260095,"w":0.9042299389839172},"size":24.237945556640626,"orthographic":false}