{"cameraMode":{"drawMode":0,"name":"Shaded","section":"Shading Mode"},"sceneLighting":false,"audioPlay":false,"sceneViewState":{"m_AlwaysRefresh":false,"showFog":true,"showSkybox":false,"showFlares":true,"showImageEffects":true,"showParticleSystems":true,"showVisualEffectGraphs":true,"m_FxEnabled":true},"in2DMode":false,"pivot":{"x":-4.3852057456970219,"y":2.6605372428894045,"z":-2.6407041549682619},"rotation":{"x":-0.006162178236991167,"y":0.9414300918579102,"z":-0.336730033159256,"w":-0.01723693124949932},"size":12.002297401428223,"orthographic":false}