{"cameraMode":{"drawMode":0,"name":"Shaded","section":"Shading Mode"},"sceneLighting":true,"audioPlay":false,"sceneViewState":{"m_AlwaysRefresh":false,"showFog":true,"showSkybox":true,"showFlares":true,"showImageEffects":true,"showParticleSystems":true,"showVisualEffectGraphs":true,"m_FxEnabled":true},"in2DMode":false,"pivot":{"x":0.22886952757835389,"y":-13.562695503234864,"z":-7.497262954711914},"rotation":{"x":-0.028965122997760774,"y":0.8350498080253601,"z":-0.5476930141448975,"w":-0.044104889035224918},"size":21.692485809326173,"orthographic":false}