{"cameraMode":{"drawMode":0,"name":"Shaded","section":"Shading Mode"},"sceneLighting":false,"audioPlay":false,"sceneViewState":{"m_AlwaysRefresh":false,"showFog":true,"showSkybox":false,"showFlares":true,"showImageEffects":true,"showParticleSystems":true,"showVisualEffectGraphs":true,"m_FxEnabled":true},"in2DMode":false,"pivot":{"x":-7.491323471069336,"y":-1.5520682334899903,"z":6.020190238952637},"rotation":{"x":0.08226309716701508,"y":-0.36427339911460879,"z":0.03232104331254959,"w":0.9270933270454407},"size":10.178765296936036,"orthographic":false}