{"cameraMode":{"drawMode":0,"name":"Shaded","section":"Shading Mode"},"sceneLighting":false,"audioPlay":false,"sceneViewState":{"m_AlwaysRefresh":false,"showFog":true,"showSkybox":false,"showFlares":true,"showImageEffects":true,"showParticleSystems":true,"showVisualEffectGraphs":true,"m_FxEnabled":true},"in2DMode":false,"pivot":{"x":4.945796012878418,"y":-0.15996456146240235,"z":1.2024950981140137},"rotation":{"x":-0.41822317242622378,"y":0.04304128885269165,"z":-0.01983281970024109,"w":-0.9071208834648132},"size":16.306461334228517,"orthographic":false}