{"cameraMode":{"drawMode":0,"name":"Shaded","section":"Shading Mode"},"sceneLighting":false,"audioPlay":false,"sceneViewState":{"m_AlwaysRefresh":false,"showFog":true,"showSkybox":false,"showFlares":true,"showImageEffects":true,"showParticleSystems":true,"showVisualEffectGraphs":true,"m_FxEnabled":true},"in2DMode":false,"pivot":{"x":-4.556834697723389,"y":-0.1761363446712494,"z":-4.729519367218018},"rotation":{"x":0.27528512477874758,"y":-0.027109581977128984,"z":0.007766079623252153,"w":0.9609497785568237},"size":25.451229095458986,"orthographic":false}