{"cameraMode":{"drawMode":0,"name":"Shaded","section":"Shading Mode"},"sceneLighting":false,"audioPlay":false,"sceneViewState":{"m_AlwaysRefresh":false,"showFog":true,"showSkybox":false,"showFlares":true,"showImageEffects":true,"showParticleSystems":true,"showVisualEffectGraphs":true,"m_FxEnabled":true},"in2DMode":false,"pivot":{"x":1.0353821516036988,"y":0.9435175657272339,"z":-1.0489959716796876},"rotation":{"x":0.006321320775896311,"y":0.9932306408882141,"z":-0.06564883142709732,"w":0.09564438462257385},"size":6.887136459350586,"orthographic":false}