{"cameraMode":{"drawMode":0,"name":"Shaded","section":"Shading Mode"},"sceneLighting":false,"audioPlay":false,"sceneViewState":{"m_AlwaysRefresh":false,"showFog":true,"showSkybox":false,"showFlares":true,"showImageEffects":true,"showParticleSystems":true,"showVisualEffectGraphs":true,"m_FxEnabled":true},"in2DMode":false,"pivot":{"x":-0.03108343295753002,"y":2.7472221851348879,"z":-0.10386323928833008},"rotation":{"x":0.0007910509593784809,"y":0.9977534413337708,"z":-0.06594773381948471,"w":0.011973857879638672},"size":2.0099751949310304,"orthographic":false}