{"cameraMode":{"drawMode":0,"name":"Shaded","section":"Shading Mode"},"sceneLighting":false,"audioPlay":false,"sceneViewState":{"m_AlwaysRefresh":false,"showFog":true,"showSkybox":false,"showFlares":true,"showImageEffects":true,"showParticleSystems":true,"showVisualEffectGraphs":true,"m_FxEnabled":true},"in2DMode":false,"pivot":{"x":0.044502317905426028,"y":2.6033318042755129,"z":-0.0007419586181640625},"rotation":{"x":-0.004498841241002083,"y":0.029082100838422777,"z":0.00011288205860182643,"w":0.9995989799499512},"size":1.3823459148406983,"orthographic":false}